ac,
academy,
accountants,
actor,
adult,
agency,
airforce,
apartments,
associates,
auction,
audio,
band,
bargains,
beer,
bet,
bid,
bike,
bingo,
bio,
biz,
black,
blue,
bot,
boutique,
builders,
business,
buzz,
cab,
cafe,
camera,
camp,
capital,
cards,
care,
careers,
cash,
casino,
catering,
cc,
center,
ceo,
chat,
cheap,
christmas,
church,
city,
claims,
cleaning,
click,
clinic,
clothing,
cloud,
club,
coach,
codes,
coffee,
college,
com,
community,
company,
computer,
condos,
construction,
consulting,
contact,
contractors,
cool,
coupons,
credit,
creditcard,
cruises,
dance,
dating,
deal,
deals,
degree,
delivery,
democrat,
dental,
design,
diamonds,
diet,
digital,
direct,
directory,
discount,
dog,
domains,
education,
email,
energy,
engineering,
enterprises,
equipment,
estate,
events,
exchange,
expert,
exposed,
express,
fail,
fan,
farm,
finance,
financial,
fish,
fitness,
flights,
florist,
flowers,
fm,
football,
forsale,
foundation,
free,
fun,
fund,
furniture,
futbol,
fyi,
gallery,
games,
gift,
gifts,
gives,
glass,
global,
gmbh,
gold,
golf,
graphics,
gratis,
green,
gripe,
group,
guide,
guitars,
guru,
haus,
healthcare,
help,
hiv,
hockey,
holdings,
holiday,
host,
hosting,
hot,
house,
im,
immo,
immobilien,
industries,
info,
ink,
institute,
insure,
international,
investments,
io,
irish,
jewelry,
juegos,
kaufen,
kim,
kitchen,
kiwi,
land,
law,
lease,
legal,
lgbt,
life,
lighting,
limited,
limo,
link,
live,
llc,
loan,
loans,
lol,
ltd,
maison,
management,
marketing,
mba,
media,
memorial,
mobi,
moda,
moi,
money,
mortgage,
movie,
name,
net,
network,
news,
ninja,
now,
onl,
online,
org,
partners,
parts,
photo,
photography,
photos,
pics,
pictures,
pink,
pizza,
place,
plumbing,
plus,
poker,
porn,
press,
pro,
productions,
properties,
property,
pub,
pw,Palau
qpon,
recipes,
red,
reise,
reisen,
rentals,
repair,
report,
republican,
restaurant,
reviews,
rip,
rocks,
run,
sale,
sarl,
school,
schule,
services,
sex,
sexy,
shiksha,
shoes,
shop,
shopping,
show,
singles,
site,
ski,
soccer,
social,
solar,
solutions,
software,
space,
spot,
store,
stream,
studio,
style,
sucks,
supplies,
supply,
support,
surgery,
systems,
tattoo,
tax,
taxi,
team,
tech,
technology,
tennis,
theater,
tienda,
tips,
tires,
today,
tools,
tours,
town,
toys,
trade,
training,
tv,
university,
uno,
vacations,
vegas,
ventures,
vg,
viajes,
video,
villas,
vision,
vote,
voyage,
watch,
website,
wedding,
wiki,
wine,
work,
works,
world,
wtf,
xxx,
xyz,
zone,
ac,Ascension Island
co.za,South Africa
sh,Saint Helena
ai,Anguilla
ca,Canada
cl,Chile
co,Colombia
com.ar,Argentina
com.br,Brazil
com.mx,Mexico
mx,Mexico
us,United States
vc,Saint Vincent and the Grenadines
vg,British Virgin Islands
au,Australia
cc,Cocos Keeling Islands
co.nz,New Zealand
com.au,Australia
com.sg,Republic of Singapore
fm,Federated States of Micronesia
in,India
jp,Japan
io,British Indian Ocean Territory
net.au,Australia
net.nz,New Zealand
nz,New Zealand
org.nz,New Zealand
pw,Palau
qa,Qatar
ru,Russian Federation
sg,Republic of Singapore
be,Belgium
berlin,city of Berlin in Germany
ch,Switzerland
co.uk,United Kingdom
cz,Czech Republic
de,Germany
es,Spain
eu,European Union
fi,Finland
fr,France
gg,Guernsey
im,Isle of Man
it,Italy
me,Montenegro
me.uk,United Kingdom
nl,the Netherlands
org.uk,United Kingdom
ruhr,Ruhr region western part of Germany
se,Sweden
uk,United Kingdom
wien,city of Vienna in Austria
